Time,SeqNum
"1702.899149",131147854
"1703.365663",131147859
"1703.604163",131147871
"1703.704166",131147885
"1704.270176",131147901
"1704.371575",131147904
"1704.373157",131147904
