Time,SeqNum
"1702.802406",131147854
"1703.367849",131147859
"1704.038532",131147895
"1704.373912",131147907
